abyss;;The knight stared into the dark abyss.
roam;;Wild animals roam freely in the forest.
wield;;He wields a powerful sword.
predators;;The forest is full of predators.
freely;;The birds fly freely in the sky.
heritage;;We must protect our cultural heritage.
synergy;;Team synergy is important for success.
despair;;She felt despair after the loss.
amplify;;The speaker amplifies the sound.
mutation;;The mutation changed the DNA sequence.
condemn;;The court condemned the criminal.
mercenary;;The mercenary fought for money.
die-cast;;The die-cast model is very detailed.
purgatory;;The endless journey felt like purgatory.
silhouette;;The silhouette appeared in the darkness.
extract;;The scientist extracted DNA from the sample.
velocity;;The car moved at high velocity.
abyss;;The diver explored the ocean abyss.
roam;;She loves to roam around the city.
wield;;The knight wielded his sword.